frame,input,x,y,x_speed,y_speed,g_speed,angle,air,rolling,ground_mode,x_sub,y_sub,routine,camera_x,camera_y,rings,status_byte,v_framecount,stand_on_obj
0000,0008,0050,03B0,000B,FFFE,000C,FC,0,0,0,0B00,FE00,02,0000,0300,0000,00,0000,00
0001,0008,0050,03B0,0013,FFFE,0014,FC,0,0,0,1E00,FC00,02,0000,0300,0000,00,0000,00
0002,0008,0050,03B0,001B,FFFD,001C,FC,0,0,0,3900,F900,02,0000,0300,0000,00,0000,00
0003,0008,0050,03B0,0023,FFFC,0024,FC,0,0,0,5C00,F500,02,0000,0300,0000,00,0000,00
0004,0008,0050,03B0,002B,FFFB,002C,FC,0,0,0,8700,F000,02,0000,0300,0000,00,0000,00
0005,0008,0050,03B0,0033,FFFA,0034,FC,0,0,0,BA00,EA00,02,0000,0300,0000,00,0000,00
0006,0008,0050,03B0,003B,FFFA,003C,FC,0,0,0,F500,E400,02,0000,0300,0000,00,0000,00
0007,0008,0051,03B0,0043,FFF9,0044,FC,0,0,0,3800,DD00,02,0000,0300,0000,00,0000,00
0008,0008,0051,03B0,004B,FFF8,004C,FC,0,0,0,8300,D500,02,0000,0300,0000,00,0000,00
0009,0008,0051,03B0,0053,FFF7,0054,FC,0,0,0,D600,CC00,02,0000,0300,0000,00,0000,00
000A,0008,0052,03B0,005B,FFF7,005C,FC,0,0,0,3100,C300,02,0000,0300,0000,00,0000,00
000B,0008,0052,03B0,0063,FFF6,0064,FC,0,0,0,9400,B900,02,0000,0300,0000,00,0000,00
000C,0008,0052,03B0,006B,FFF5,006C,FC,0,0,0,FF00,AE00,02,0000,0300,0000,00,0000,00
000D,0008,0053,03B0,0073,FFF4,0074,FC,0,0,0,7200,A200,02,0000,0300,0000,00,0000,00
000E,0008,0053,03B0,007B,FFF3,007C,FC,0,0,0,ED00,9500,02,0000,0300,0000,00,0000,00
000F,0008,0054,03B0,0082,FFF3,0084,FC,0,0,0,6F00,8800,02,0000,0300,0000,00,0000,00
0010,0008,0054,03B0,008A,FFF2,008C,FC,0,0,0,F900,7A00,02,0000,0300,0000,00,0000,00
0011,0008,0055,03B0,0092,FFF1,0094,FC,0,0,0,8B00,6B00,02,0000,0300,0000,00,0000,00
0012,0008,0056,03B0,009A,FFF0,009C,FC,0,0,0,2500,5B00,02,0000,0300,0000,00,0000,00
0013,0008,0056,03B0,00A2,FFEF,00A4,FC,0,0,0,C700,4A00,02,0000,0300,0000,00,0000,00
0014,0008,0057,03AF,00AA,FFEF,00AC,FC,0,0,0,7100,3900,02,0000,0300,0000,00,0000,00
0015,0008,0058,03AF,00B2,FFEE,00B4,FC,0,0,0,2300,2700,02,0000,0300,0000,00,0000,00
0016,0008,0058,03AF,00BA,FFED,00BC,FC,0,0,0,DD00,1400,02,0000,0300,0000,00,0000,00
0017,0008,0059,03AF,00C2,FFEC,00C4,FC,0,0,0,9F00,0000,02,0000,0300,0000,00,0000,00
0018,0008,005A,03AF,00CA,FFEC,00CC,FC,0,0,0,6900,EC00,02,0000,0300,0000,00,0000,00
0019,0008,005B,03AF,00D2,FFEB,00D4,FC,0,0,0,3B00,D700,02,0000,0300,0000,00,0000,00
001A,0008,005C,03AF,00DA,FFEA,00DC,FC,0,0,0,1500,C100,02,0000,0300,0000,00,0000,00
001B,0008,005C,03AF,00E2,FFE9,00E4,FC,0,0,0,F700,AA00,02,0000,0300,0000,00,0000,00
001C,0008,005D,03AF,00EA,FFE8,00EC,FC,0,0,0,E100,9200,02,0000,0300,0000,00,0000,00
001D,0008,005E,03AF,00F2,FFE8,00F4,FC,0,0,0,D300,7A00,02,0000,0300,0000,00,0000,00
001E,0008,005F,03AE,00FA,FFE7,00FC,FC,0,0,0,CD00,6100,02,0000,0300,0000,00,0000,00
001F,0008,0060,03AE,0101,FFE6,0104,FC,0,0,0,CE00,4700,02,0000,0300,0000,00,0000,00
0020,0008,0061,03AE,0109,FFE5,010C,FC,0,0,0,D700,2C00,02,0000,0300,0000,00,0000,00
0021,0008,0062,03AE,0111,FFE5,0114,FC,0,0,0,E800,1100,02,0000,0300,0000,00,0000,00
0022,0008,0064,03AE,0119,FFE4,011C,FC,0,0,0,0100,F500,02,0000,0300,0000,00,0000,00
0023,0008,0065,03AE,0121,FFE3,0124,FC,0,0,0,2200,D800,02,0000,0300,0000,00,0000,00
0024,0008,0066,03AE,0129,FFE2,012C,FC,0,0,0,4B00,BA00,02,0000,0300,0000,00,0000,00
0025,0008,0067,03AF,0131,FFE1,0134,FC,0,0,0,7C00,9B00,02,0000,0300,0000,00,0000,00
0026,0008,0068,03AF,0139,FFE1,013C,FC,0,0,0,B500,7C00,02,0000,0300,0000,00,0000,00
0027,0008,0069,03AF,0141,FFE0,0144,FC,0,0,0,F600,5C00,02,0000,0300,0000,00,0000,00
0028,0008,006B,03AF,0149,FFDF,014C,FC,0,0,0,3F00,3B00,02,0000,0300,0000,00,0000,00
0029,0008,006C,03AF,0151,FFDE,0154,FC,0,0,0,9000,1900,02,0000,0300,0000,00,0000,00
002A,0008,006D,03AF,0159,FFDE,015C,FC,0,0,0,E900,F700,02,0000,0300,0000,00,0000,00
002B,0008,006F,03AE,0161,FFDD,0164,FC,0,0,0,4A00,D400,02,0000,0300,0000,00,0000,00
002C,0008,0070,03AE,0169,FFDC,016C,FC,0,0,0,B300,B000,02,0000,0300,0000,00,0000,00
002D,0008,0072,03AE,0171,FFDB,0174,FC,0,0,0,2400,8B00,02,0000,0300,0000,00,0000,00
002E,0008,0073,03AE,0179,FFDA,017C,FC,0,0,0,9D00,6500,02,0000,0300,0000,00,0000,00
002F,0008,0075,03AE,0180,FFDA,0184,FC,0,0,0,1D00,3F00,02,0000,0300,0000,00,0000,00
0030,0008,0076,03AE,0188,FFD9,018C,FC,0,0,0,A500,1800,02,0000,0300,0000,00,0000,00
0031,0008,0078,03AC,0190,FFD8,0194,00,0,0,0,3500,F000,02,0000,0300,0000,00,0000,00
0032,0008,0079,03AC,01A0,0000,01A0,00,0,0,0,D500,F000,02,0000,0300,0000,00,0000,00
0033,0008,007B,03AC,01AC,0000,01AC,00,0,0,0,8100,F000,02,0000,0300,0000,00,0000,00
0034,0008,007D,03AC,01B8,0000,01B8,00,0,0,0,3900,F000,02,0000,0300,0000,00,0000,00
0035,0008,007E,03AC,01C4,0000,01C4,00,0,0,0,FD00,F000,02,0000,0300,0000,00,0000,00
0036,0008,0080,03AC,01D0,0000,01D0,00,0,0,0,CD00,F000,02,0000,0300,0000,00,0000,00
0037,0008,0082,03AC,01DC,0000,01DC,00,0,0,0,A900,F000,02,0000,0300,0000,00,0000,00
0038,0008,0084,03AC,01E8,0000,01E8,00,0,0,0,9100,F000,02,0000,0300,0000,00,0000,00
0039,0008,0086,03AC,01F4,0000,01F4,00,0,0,0,8500,F000,02,0000,0300,0000,00,0000,00
003A,0008,0088,03AC,0200,0000,0200,00,0,0,0,8500,F000,02,0000,0300,0000,00,0000,00
003B,0008,008A,03AC,020C,0000,020C,00,0,0,0,9100,F000,02,0000,0300,0000,00,0000,00
003C,0008,008C,03AC,0218,0000,0218,00,0,0,0,A900,F000,02,0000,0300,0000,00,0000,00
003D,0008,008E,03AC,0224,0000,0224,00,0,0,0,CD00,F000,02,0000,0300,0000,00,0000,00
003E,0008,0090,03AC,0230,0000,0230,00,0,0,0,FD00,F000,02,0000,0300,0000,00,0000,00
003F,0008,0093,03AC,023C,0000,023C,00,0,0,0,3900,F000,02,0000,0300,0000,00,0000,00
0040,0008,0095,03AC,0248,0000,0248,00,0,0,0,8100,F000,02,0000,0300,0000,00,0000,00
0041,0008,0097,03AC,0254,0000,0254,00,0,0,0,D500,F000,02,0000,0300,0000,00,0000,00
0042,0008,009A,03AC,0260,0000,0260,00,0,0,0,3500,F000,02,0000,0300,0000,00,0000,00
0043,0008,009C,03AC,026C,0000,026C,00,0,0,0,A100,F000,02,0000,0300,0000,00,0000,00
0044,0008,009F,03AC,0278,0000,0278,00,0,0,0,1900,F000,02,0000,0300,0000,00,0000,00
0045,0008,00A1,03AC,0284,0000,0284,00,0,0,0,9D00,F000,02,0001,0300,0000,00,0000,00
0046,0008,00A4,03AC,0290,0000,0290,00,0,0,0,2D00,F000,02,0004,0300,0000,00,0000,00
0047,0008,00A6,03AC,029C,0000,029C,00,0,0,0,C900,F000,02,0006,0300,0000,00,0000,00
0048,0008,00A9,03AC,02A8,0000,02A8,00,0,0,0,7100,F000,02,0009,0300,0000,00,0000,00
0049,0008,00AC,03AC,02B4,0000,02B4,00,0,0,0,2500,F000,02,000C,0300,0000,00,0000,00
004A,0008,00AE,03AC,02C0,0000,02C0,00,0,0,0,E500,F000,02,000E,0300,0000,00,0000,00
004B,0008,00B1,03AC,02CC,0000,02CC,00,0,0,0,B100,F000,02,0011,0300,0000,00,0000,00
004C,0008,00B4,03AC,02D8,0000,02D8,00,0,0,0,8900,F000,02,0014,0300,0000,00,0000,00
004D,0008,00B7,03AC,02E4,0000,02E4,00,0,0,0,6D00,F000,02,0017,0300,0000,00,0000,00
004E,0008,00BA,03AC,02F0,0000,02F0,00,0,0,0,5D00,F000,02,001A,0300,0000,00,0000,00
004F,0008,00BD,03AC,02FC,0000,02FC,00,0,0,0,5900,F000,02,001D,0300,0000,00,0000,00
0050,0008,00C0,03AC,0308,0000,0308,00,0,0,0,6100,F000,02,0020,0300,0000,00,0000,00
0051,0008,00C3,03AC,0314,0000,0314,00,0,0,0,7500,F000,02,0023,0300,0000,00,0000,00
0052,0008,00C6,03AC,0320,0000,0320,00,0,0,0,9500,F000,02,0026,0300,0000,00,0000,00
0053,0008,00C9,03AC,032C,0000,032C,00,0,0,0,C100,F000,02,0029,0300,0000,00,0000,00
0054,0008,00CC,03AC,0338,0000,0338,00,0,0,0,F900,F000,02,002C,0300,0000,00,0000,00
0055,0008,00D0,03AC,0344,0000,0344,00,0,0,0,3D00,F000,02,0030,0300,0000,00,0000,00
0056,0008,00D3,03AC,0350,0000,0350,00,0,0,0,8D00,F000,02,0033,0300,0000,00,0000,00
0057,0008,00D6,03AC,035C,0000,035C,00,0,0,0,E900,F000,02,0036,0300,0000,00,0000,00
0058,0008,00DA,03AC,0368,0000,0368,00,0,0,0,5100,F000,02,003A,0300,0000,00,0000,00
0059,0008,00DD,03AC,0374,0000,0374,00,0,0,0,C500,F000,02,003D,0300,0000,00,0000,00
005A,0008,00E1,03AC,0380,0000,0380,00,0,0,0,4500,F000,02,0041,0300,0000,00,0000,00
005B,0008,00E4,03AC,038C,0000,038C,00,0,0,0,D100,F000,02,0044,0300,0000,00,0000,00
005C,0008,00E8,03AC,0398,0000,0398,00,0,0,0,6900,F000,02,0048,0300,0000,00,0000,00
005D,0008,00EC,03AC,03A4,0000,03A4,00,0,0,0,0D00,F000,02,004C,0300,0000,00,0000,00
005E,0008,00EF,03AC,03B0,0000,03B0,00,0,0,0,BD00,F000,02,004F,0300,0000,00,0000,00
005F,0008,00F3,03AC,03BC,0000,03BC,00,0,0,0,7900,F000,02,0053,0300,0000,00,0000,00
0060,0008,00F7,03AC,03C8,0000,03C8,00,0,0,0,4100,F000,02,0057,0300,0000,00,0000,00
0061,0008,00FB,03AC,03D4,0000,03D4,00,0,0,0,1500,F000,02,005B,0300,0000,00,0000,00
0062,0008,00FE,03AC,03E0,0000,03E0,00,0,0,0,F500,F000,02,005E,0300,0000,00,0000,00
0063,0008,0102,03AC,03EC,0000,03EC,00,0,0,0,E100,F000,02,0062,0300,0000,00,0000,00
0064,0018,0102,03B1,03EC,F980,03EC,00,1,1,0,E100,F000,02,0062,0300,0000,06,0000,00
0065,0018,0106,03AB,0404,F9B8,03EC,00,1,1,0,E500,7000,02,0066,0300,0000,06,0000,00
0066,0018,010B,03A5,041C,F9F0,03EC,00,1,1,0,0100,2800,02,006B,0300,0000,06,0000,00
0067,0018,010F,039F,0434,FA28,03EC,00,1,1,0,3500,1800,02,006F,0300,0000,06,0000,00
0068,0018,0113,0399,044C,FA60,03EC,00,1,1,0,8100,4000,02,0073,0300,0000,06,0000,00
0069,0018,0117,0393,0464,FA98,03EC,00,1,1,0,E500,A000,02,0077,0300,0000,06,0000,00
006A,0018,011C,038E,047C,FAD0,03EC,00,1,1,0,6100,3800,02,007C,0300,0000,06,0000,00
006B,0018,0120,0389,0494,FB08,03EC,00,1,1,0,F500,0800,02,0080,0300,0000,06,0000,00
006C,0018,0125,0384,04AC,FB40,03EC,00,1,1,0,A100,1000,02,0085,0300,0000,06,0000,00
006D,0018,012A,037F,04C4,FB78,03EC,00,1,1,0,6500,5000,02,008A,0300,0000,06,0000,00
006E,0008,012F,037B,04B6,FC38,03EC,00,1,1,0,1B00,5000,02,008F,0300,0000,06,0000,00
006F,0008,0133,0377,04A8,FC70,03EC,00,1,1,0,C300,8800,02,0093,0300,0000,06,0000,00
0070,0008,0138,0373,049A,FCA8,03EC,00,1,1,0,5D00,F800,02,0098,0300,0000,06,0000,00
0071,0008,013C,0370,048D,FCE0,03EC,00,1,1,0,EA00,A000,02,009C,0300,0001,06,0000,00
0072,0008,0141,036D,0480,FD18,03EC,00,1,1,0,6A00,8000,02,00A1,0300,0001,06,0000,00
0073,0008,0145,036A,0474,FD50,03EC,00,1,1,0,DE00,9800,02,00A5,0300,0001,06,0000,00
0074,0008,014A,0367,0468,FD88,03EC,00,1,1,0,4600,E800,02,00AA,0300,0001,06,0000,00
0075,0008,014E,0365,045C,FDC0,03EC,00,1,1,0,A200,7000,02,00AE,0300,0002,06,0000,00
0076,0008,0152,0363,0451,FDF8,03EC,00,1,1,0,F300,3000,02,00B2,0300,0002,06,0000,00
0077,0008,0157,0361,0446,FE30,03EC,00,1,1,0,3900,2800,02,00B7,0300,0002,06,0000,00
0078,0008,015B,035F,043C,FE68,03EC,00,1,1,0,7500,5800,02,00BB,0300,0002,06,0000,00
0079,0008,015F,035D,0432,FEA0,03EC,00,1,1,0,A700,C000,02,00BF,0300,0002,06,0000,00
007A,0008,0163,035C,0428,FED8,03EC,00,1,1,0,CF00,6000,02,00C3,0300,0002,06,0000,00
007B,0008,0167,035B,041E,FF10,03EC,00,1,1,0,ED00,3800,02,00C7,0300,0003,06,0000,00
007C,0008,016C,035A,0415,FF48,03EC,00,1,1,0,0200,4800,02,00CC,0300,0003,06,0000,00
007D,0008,0170,0359,040C,FF80,03EC,00,1,1,0,0E00,9000,02,00D0,0300,0003,06,0000,00
007E,0008,0174,0359,0403,FFB8,03EC,00,1,1,0,1100,1000,02,00D4,0300,0003,06,0000,00
007F,0008,0178,0358,03FB,FFF0,03EC,00,1,1,0,0C00,C800,02,00D8,0300,0003,06,0000,00
0080,0008,017B,0358,03F3,0028,03EC,00,1,1,0,FF00,B800,02,00DB,0300,0003,06,0000,00
0081,0008,0180,0358,040B,0060,03EC,00,1,1,0,0A00,E000,02,00E0,0300,0003,06,0000,00
0082,0008,0184,0359,0423,0098,03EC,00,1,1,0,2D00,4000,02,00E4,0300,0003,06,0000,00
0083,0008,0188,0359,043B,00D0,03EC,00,1,1,0,6800,D800,02,00E8,0300,0003,06,0000,00
0084,0008,018C,035A,0453,0108,03EC,00,1,1,0,BB00,A800,02,00EC,0300,0003,06,0000,00
0085,0008,0191,035B,046B,0140,03EC,00,1,1,0,2600,B000,02,00F1,0300,0003,06,0000,00
0086,0008,0195,035C,0483,0178,03EC,00,1,1,0,A900,F000,02,00F5,0300,0003,06,0000,00
0087,0008,019A,035E,049B,01B0,03EC,00,1,1,0,4400,6800,02,00FA,0300,0003,06,0000,00
0088,0008,019E,0360,04B3,01E8,03EC,00,1,1,0,F700,1800,02,00FE,0300,0003,06,0000,00
0089,0008,01A3,0362,04CB,0220,03EC,00,1,1,0,C200,0000,02,0103,0300,0003,06,0000,00
008A,0008,01A8,0364,04E3,0258,03EC,00,1,1,0,A500,2000,02,0108,0300,0003,06,0000,00
008B,0008,01AD,0366,04FB,0290,03EC,00,1,1,0,A000,7800,02,010D,0300,0003,06,0000,00
008C,0008,01B2,0369,0513,02C8,03EC,00,1,1,0,B300,0800,02,0112,0300,0003,06,0000,00
008D,0008,01B7,036B,052B,0300,03EC,00,1,1,0,DE00,D000,02,0117,0300,0003,06,0000,00
008E,0008,01BD,036E,0543,0338,03EC,00,1,1,0,2100,D000,02,011D,0300,0003,06,0000,00
008F,0008,01C2,0372,055B,0370,03EC,00,1,1,0,7C00,0800,02,0122,0300,0003,06,0000,00
0090,0008,01C7,0375,0573,03A8,03EC,00,1,1,0,EF00,7800,02,0127,0300,0003,06,0000,00
0091,0008,01CD,0379,058B,03E0,03EC,00,1,1,0,7A00,2000,02,012D,0300,0003,06,0000,00
0092,0008,01D3,037D,05A3,0418,03EC,00,1,1,0,1D00,0000,02,0133,0300,0003,06,0000,00
0093,0008,01D8,0381,05BB,0450,03EC,00,1,1,0,D800,1800,02,0138,0300,0003,06,0000,00
0094,0008,01DE,0385,05D3,0488,03EC,00,1,1,0,AB00,6800,02,013E,0300,0003,06,0000,00
0095,0008,01E4,0389,05EB,04C0,03EC,00,1,1,0,9600,F000,02,0144,0300,0003,06,0000,00
0096,0008,01EA,038E,0600,04F8,03EC,00,1,1,0,9600,B000,02,014A,0300,0003,06,0000,00
0097,0008,01F0,0393,0600,0530,03EC,00,1,1,0,9600,A800,02,0150,0300,0003,06,0000,00
0098,0008,01F6,0398,0600,0568,03EC,00,1,1,0,9600,D800,02,0156,0300,0003,06,0000,00
0099,0008,01FC,039E,0600,05A0,03EC,00,1,1,0,9600,4000,02,015C,0300,0003,06,0000,00
009A,0008,0202,03A3,0600,05D8,03EC,00,1,1,0,9600,E000,02,0162,0300,0003,06,0000,00
009B,0008,0208,03A9,0600,0610,03EC,00,1,1,0,9600,B800,02,0168,0300,0003,06,0000,00
009C,0008,020E,03AF,0600,0648,03EC,00,1,1,0,9600,C800,02,016E,0300,0003,06,0000,00
009D,0008,0214,03AC,0600,0000,0600,00,0,0,0,9600,1000,02,0174,0300,0003,00,0000,00
009E,0008,021A,03AC,0600,0000,0600,00,0,0,0,9600,1000,02,017A,0300,0003,00,0000,00
009F,0008,0220,03AC,0600,0000,0600,00,0,0,0,9600,1000,02,0180,0300,0003,00,0000,00
00A0,0008,0226,03AC,0600,0000,0600,00,0,0,0,9600,1000,02,0186,0300,0003,00,0000,00
00A1,0008,022C,03AC,0600,0000,0600,00,0,0,0,9600,1000,02,018C,0300,0003,00,0000,00
00A2,0008,0232,03AC,0600,0000,0600,00,0,0,0,9600,1000,02,0192,0300,0003,00,0000,00
00A3,0008,0238,03AC,0600,0000,0600,00,0,0,0,9600,1000,02,0198,0300,0003,00,0000,00
00A4,0008,023E,03AE,0600,0000,0600,04,0,0,0,9600,1000,02,019E,0300,0003,00,0000,00
00A5,0008,0244,03AF,05F4,0096,0600,04,0,0,0,8A00,A600,02,01A4,0300,0003,00,0000,00
00A6,0008,024A,03B0,05F4,0096,0600,04,0,0,0,7E00,3C00,02,01AA,0300,0003,00,0000,00
00A7,0008,0250,03B0,05F4,0096,0600,04,0,0,0,7200,D200,02,01B0,0300,0003,00,0000,00
00A8,0008,0256,03B1,05F4,0096,0600,04,0,0,0,6600,6800,02,01B6,0300,0003,00,0000,00
00A9,0008,025C,03B2,05F4,0096,0600,00,0,0,0,5A00,FE00,02,01BC,0300,0003,00,0000,00
00AA,0008,0262,03B2,0600,0000,0600,00,0,0,0,5A00,FE00,02,01C2,0300,0003,00,0000,00
00AB,0008,0268,03B2,0600,0000,0600,00,0,0,0,5A00,FE00,02,01C8,0300,0003,00,0000,00
00AC,0008,026E,03B3,0600,0000,0600,00,0,0,0,5A00,FE00,02,01CE,0300,0003,00,0000,00
00AD,0008,0274,03B3,0600,0000,0600,00,0,0,0,5A00,FE00,02,01D4,0300,0003,00,0000,00
00AE,0008,027A,03B5,0600,0000,0600,FC,0,0,0,5A00,FE00,02,01DA,0300,0003,00,0000,00
00AF,0008,0280,03B4,05F4,FF6A,0600,FC,0,0,0,4E00,6800,02,01E0,0300,0003,00,0000,00
00B0,0008,0286,03B4,05F4,FF6A,0600,FC,0,0,0,4200,D200,02,01E6,0300,0003,00,0000,00
00B1,0008,028C,03B3,05F4,FF6A,0600,00,0,0,0,3600,3C00,02,01EC,0300,0003,00,0000,00
00B2,0008,0292,03B3,0600,0000,0600,00,0,0,0,3600,3C00,02,01F2,0300,0003,00,0000,00
00B3,0008,0298,03B2,0600,0000,0600,00,0,0,0,3600,3C00,02,01F8,0300,0003,00,0000,00
00B4,0008,029E,03B2,0600,0000,0600,00,0,0,0,3600,3C00,02,01FE,0300,0003,00,0000,00
00B5,0008,02A4,03B2,0600,0000,0600,00,0,0,0,3600,3C00,02,0204,0300,0003,00,0000,00
00B6,0008,02AA,03B1,0600,0000,0600,FC,0,0,0,3600,3C00,02,020A,0300,0003,00,0000,00
00B7,0008,02B0,03B0,05F4,FF6A,0600,FC,0,0,0,2A00,A600,02,0210,0300,0003,00,0000,00
00B8,0008,02B6,03B0,05F4,FF6A,0600,FC,0,0,0,1E00,1000,02,0216,0300,0003,00,0000,00
00B9,0008,02BC,03AF,05F4,FF6A,0600,FC,0,0,0,1200,7A00,02,021C,0300,0003,00,0000,00
00BA,0008,02C2,03AE,05F4,FF6A,0600,FC,0,0,0,0600,E400,02,0222,0300,0003,00,0000,00
00BB,0008,02C7,03AC,05F4,FF6A,0600,00,0,0,0,FA00,4E00,02,0227,0300,0003,00,0000,00
00BC,0008,02CD,03AC,0600,0000,0600,00,0,0,0,FA00,4E00,02,022D,0300,0003,00,0000,00
00BD,0008,02D3,03AC,0600,0000,0600,00,0,0,0,FA00,4E00,02,0233,0300,0003,00,0000,00
00BE,0018,02D3,03B1,0600,F980,0600,00,1,1,0,FA00,4E00,02,0233,0300,0003,06,0000,00
00BF,0018,02D9,03AA,0600,F9B8,0600,00,1,1,0,FA00,CE00,02,0239,0300,0003,06,0000,00
00C0,0018,02DF,03A4,0600,F9F0,0600,00,1,1,0,FA00,8600,02,023F,0300,0003,06,0000,00
00C1,0018,02E5,039E,0600,FA28,0600,00,1,1,0,FA00,7600,02,0245,0300,0003,06,0000,00
00C2,0018,02EB,0398,0600,FA60,0600,00,1,1,0,FA00,9E00,02,024B,0300,0003,06,0000,00
00C3,0018,02F1,0392,0600,FA98,0600,00,1,1,0,FA00,FE00,02,0251,0300,0003,06,0000,00
00C4,0018,02F7,038D,0600,FAD0,0600,00,1,1,0,FA00,9600,02,0257,0300,0003,06,0000,00
00C5,0018,02FD,0388,0600,FB08,0600,00,1,1,0,FA00,6600,02,025D,0300,0003,06,0000,00
00C6,0018,0303,0383,0600,FB40,0600,00,1,1,0,FA00,6E00,02,0263,0300,0003,06,0000,00
00C7,0018,0309,037E,0600,FB78,0600,00,1,1,0,FA00,AE00,02,0269,0300,0003,06,0000,00
00C8,0018,030F,037A,0600,FBB0,0600,00,1,1,0,FA00,2600,02,026F,0300,0003,06,0000,00
00C9,0018,0315,0375,0600,FBE8,0600,00,1,1,0,FA00,D600,02,0275,0300,0003,06,0000,00
00CA,0018,031B,0371,0600,FC20,0600,00,1,1,0,FA00,BE00,02,027B,0300,0003,06,0000,00
00CB,0018,0321,036D,05D0,FC58,0600,00,1,1,0,CA00,DE00,02,0281,0300,0003,06,0000,00
00CC,0018,0327,036A,05B9,FC90,0600,00,1,1,0,8300,3600,02,0287,0300,0003,06,0000,00
00CD,0018,032D,0366,05A3,FCC8,0600,00,1,1,0,2600,C600,02,028D,0300,0003,06,0000,00
00CE,0018,0332,0363,058E,FD00,0600,00,1,1,0,B400,8E00,02,0292,0300,0003,06,0000,00
00CF,0018,0338,0360,0579,FD38,0600,00,1,1,0,2D00,8E00,02,0298,0300,0003,06,0000,00
00D0,0018,033D,035D,0565,FD70,0600,00,1,1,0,9200,C600,02,029D,0300,0003,06,0000,00
00D1,0018,0342,035B,0552,FDA8,0600,00,1,1,0,E400,3600,02,02A2,0300,0003,06,0000,00
00D2,0018,0348,0358,053F,FDE0,0600,00,1,1,0,2300,DE00,02,02A8,0300,0003,06,0000,00
00D3,0018,034D,0356,052D,FE18,0600,00,1,1,0,5000,BE00,02,02AD,0300,0003,06,0000,00
00D4,0018,0352,0354,051B,FE50,0600,00,1,1,0,6B00,D600,02,02B2,0300,0003,06,0000,00
00D5,0018,0357,0353,050A,FE88,0600,00,1,1,0,7500,2600,02,02B7,0300,0003,06,0000,00
00D6,0018,035C,0351,04F9,FEC0,0600,00,1,1,0,6E00,AE00,02,02BC,0300,0003,06,0000,00
00D7,0018,0361,0350,04E9,FEF8,0600,00,1,1,0,5700,6E00,02,02C1,0300,0003,06,0000,00
00D8,0018,0366,034F,04D9,FF30,0600,00,1,1,0,3000,6600,02,02C6,0300,0003,06,0000,00
00D9,0018,036A,034E,04CA,FF68,0600,00,1,1,0,FA00,9600,02,02CA,0300,0003,06,0000,00
00DA,0018,036F,034D,04BB,FFA0,0600,00,1,1,0,B500,FE00,02,02CF,0300,0003,06,0000,00
00DB,0018,0374,034D,04AD,FFD8,0600,00,1,1,0,6200,9E00,02,02D4,0300,0003,06,0000,00
00DC,0018,0379,034D,049F,0010,0600,00,1,1,0,0100,7600,02,02D9,0300,0003,06,0000,00
00DD,0018,037D,034D,04B7,0048,0600,00,1,1,0,B800,8600,02,02DD,0300,0003,06,0000,00
00DE,0018,0382,034D,04CF,0080,0600,00,1,1,0,8700,CE00,02,02E2,0300,0003,06,0000,00
00DF,0018,0387,034E,04E7,00B8,0600,00,1,1,0,6E00,4E00,02,02E7,0300,0003,06,0000,00
00E0,0018,038C,034F,04FF,00F0,0600,00,1,1,0,6D00,0600,02,02EC,0300,0003,06,0000,00
00E1,0018,0391,034F,0517,0128,0600,00,1,1,0,8400,F600,02,02F1,0300,0003,06,0000,00
00E2,0018,0396,0351,052F,0160,0600,00,1,1,0,B300,1E00,02,02F6,0300,0003,06,0000,00
00E3,0018,039B,0352,0547,0198,0600,00,1,1,0,FA00,7E00,02,02FB,0300,0003,06,0000,00
00E4,0018,03A1,0354,055F,01D0,0600,00,1,1,0,5900,1600,02,0301,0300,0003,06,0000,00
00E5,0018,03A6,0355,0577,0208,0600,00,1,1,0,D000,E600,02,0306,0300,0003,06,0000,00
00E6,0018,03AC,0357,058F,0240,0600,00,1,1,0,5F00,EE00,02,030C,0300,0003,06,0000,00
00E7,0008,03B2,035A,05A7,0278,0600,00,1,1,0,0600,2E00,02,0312,0300,0003,06,0000,00
00E8,0008,03B7,035C,05BF,02B0,0600,00,1,1,0,C500,A600,02,0317,0300,0003,06,0000,00
00E9,0008,03BD,035F,05D7,02E8,0600,00,1,1,0,9C00,5600,02,031D,0300,0003,06,0000,00
00EA,0008,03C3,0362,05EF,0320,0600,00,1,1,0,8B00,3E00,02,0323,0300,0003,06,0000,00
00EB,0008,03C9,0365,0600,0358,0600,00,1,1,0,8B00,5E00,02,0329,0300,0003,06,0000,00
00EC,0008,03CF,0368,0600,0390,0600,00,1,1,0,8B00,B600,02,032F,0300,0003,06,0000,00
00ED,0008,03D5,036C,0600,03C8,0600,00,1,1,0,8B00,4600,02,0335,0300,0003,06,0000,00
00EE,0008,03DB,0370,0600,0400,0600,00,1,1,0,8B00,0E00,02,033B,0300,0003,06,0000,00
00EF,0008,03E1,036E,0600,0000,0600,FC,0,0,0,8B00,0E00,02,0341,0300,0003,00,0000,00
00F0,0008,03E7,036C,05F4,FF6A,0600,00,0,0,0,7F00,7800,02,0347,0300,0003,00,0000,00
00F1,0008,03ED,036C,0600,0000,0600,00,0,0,0,7F00,7800,02,034D,0300,0003,00,0000,00
00F2,0008,03F3,036C,0600,0000,0600,00,0,0,0,7F00,7800,02,0353,0300,0003,00,0000,00
00F3,0008,03F9,036C,0600,0000,0600,00,0,0,0,7F00,7800,02,0359,0300,0003,00,0000,00
00F4,0008,03FF,036C,0600,0000,0600,00,0,0,0,7F00,7800,02,035F,0300,0003,00,0000,00
00F5,0008,0405,036C,0600,0000,0600,00,0,0,0,7F00,7800,02,0365,0300,0003,00,0000,00
00F6,0008,040B,036C,0600,0000,0600,00,0,0,0,7F00,7800,02,036B,0300,0003,00,0000,00
00F7,0008,0411,036C,0600,0000,0600,00,0,0,0,7F00,7800,02,0371,0300,0003,00,0000,00
00F8,0008,0417,036C,0600,0000,0600,00,0,0,0,7F00,7800,02,0377,0300,0003,00,0000,00
00F9,0008,041D,036C,0600,0000,0600,00,0,0,0,7F00,7800,02,037D,0300,0003,00,0000,00
00FA,0008,0423,036C,0600,0000,0600,00,0,0,0,7F00,7800,02,0383,0300,0003,00,0000,00
00FB,0018,0423,0371,0600,F980,0600,00,1,1,0,7F00,7800,02,0383,0300,0003,06,0000,00
00FC,0018,0429,036A,0600,F9B8,0600,00,1,1,0,7F00,F800,02,0389,0300,0003,06,0000,00
00FD,0018,042F,0364,0600,F9F0,0600,00,1,1,0,7F00,B000,02,038F,0300,0003,06,0000,00
00FE,0018,0435,035E,0600,FA28,0600,00,1,1,0,7F00,A000,02,0395,0300,0003,06,0000,00
00FF,0018,043B,0358,0600,FA60,0600,00,1,1,0,7F00,C800,02,039B,0300,0003,06,0000,00
0100,0018,0441,0353,0600,FA98,0600,00,1,1,0,7F00,2800,02,03A1,0300,0003,06,0000,00
0101,0018,0447,034D,0600,FAD0,0600,00,1,1,0,7F00,C000,02,03A7,0300,0003,06,0000,00
0102,0018,044D,0348,0600,FB08,0600,00,1,1,0,7F00,9000,02,03AD,0300,0003,06,0000,00
0103,0018,0453,0343,0600,FB40,0600,00,1,1,0,7F00,9800,02,03B3,02FE,0003,06,0000,00
0104,0018,0459,033E,0600,FB78,0600,00,1,1,0,7F00,D800,02,03B9,02F9,0003,06,0000,00
0105,0008,045F,033A,05D0,FC38,0600,00,1,1,0,4F00,D800,02,03BF,02F5,0003,06,0000,00
0106,0008,0465,0337,05B9,FC70,0600,00,1,1,0,0800,1000,02,03C5,02F2,0003,06,0000,00
0107,0008,046A,0333,05A3,FCA8,0600,00,1,1,0,AB00,8000,02,03CA,02EE,0003,06,0000,00
0108,0008,0470,0330,058E,FCE0,0600,00,1,1,0,3900,2800,02,03D0,02EB,0004,06,0000,00
0109,0008,0475,032D,0579,FD18,0600,00,1,1,0,B200,0800,02,03D5,02E8,0004,06,0000,00
010A,0008,047B,032A,0565,FD50,0600,00,1,1,0,1700,2000,02,03DB,02E5,0005,06,0000,00
010B,0008,0480,0327,0552,FD88,0600,00,1,1,0,6900,7000,02,03E0,02E2,0005,06,0000,00
010C,0008,0485,0324,053F,FDC0,0600,00,1,1,0,A800,F800,02,03E5,02DF,0005,06,0000,00
010D,0008,048A,0322,052D,FDF8,0600,00,1,1,0,D500,B800,02,03EA,02DD,0005,06,0000,00
010E,0008,048F,0320,051B,FE30,0600,00,1,1,0,F000,B000,02,03EF,02DB,0006,06,0000,00
010F,0008,0494,031E,050A,FE68,0600,00,1,1,0,FA00,E000,02,03F4,02D9,0006,06,0000,00
0110,0008,0499,031D,04F9,FEA0,0600,00,1,1,0,F300,4800,02,03F9,02D8,0006,06,0000,00
0111,0008,049E,031B,04E9,FED8,0600,00,1,1,0,DC00,E800,02,03FE,02D6,0006,06,0000,00
0112,0008,04A3,031A,04D9,FF10,0600,00,1,1,0,B500,C000,02,0403,02D5,0006,06,0000,00
0113,0008,04A8,0319,04CA,FF48,0600,00,1,1,0,7F00,D000,02,0408,02D4,0007,06,0000,00
0114,0008,04AD,0319,04BB,FF80,0600,00,1,1,0,3A00,1800,02,040D,02D4,0007,06,0000,00
0115,0008,04B1,0318,04AD,FFB8,0600,00,1,1,0,E700,9800,02,0411,02D3,0007,06,0000,00
0116,0008,04B6,0318,049F,FFF0,0600,00,1,1,0,8600,5000,02,0416,02D3,0007,06,0000,00
0117,0008,04BB,0318,0492,0028,0600,00,1,1,0,1800,4000,02,041B,02D3,0007,06,0000,00
0118,0008,04BF,0318,04AA,0060,0600,00,1,1,0,C200,6800,02,041F,02D3,0008,06,0000,00
0119,0008,04C4,0318,04C2,0098,0600,00,1,1,0,8400,C800,02,0424,02D3,0008,06,0000,00
011A,0008,04C9,0319,04DA,00D0,0600,00,1,1,0,5E00,6000,02,0429,02D3,0008,06,0000,00
011B,0008,04CE,031A,04F2,0108,0600,00,1,1,0,5000,3000,02,042E,02D3,0008,06,0000,00
011C,0008,04D3,031B,050A,0140,0600,00,1,1,0,5A00,3800,02,0433,02D3,0008,06,0000,00
011D,0008,04D8,031C,0522,0178,0600,00,1,1,0,7C00,7800,02,0438,02D3,0008,06,0000,00
011E,0008,04DD,031D,053A,01B0,0600,00,1,1,0,B600,F000,02,043D,02D3,0008,06,0000,00
011F,0008,04E3,031F,0552,01E8,0600,00,1,1,0,0800,A000,02,0443,02D3,0008,06,0000,00
0120,0008,04E8,0321,056A,0220,0600,00,1,1,0,7200,8800,02,0448,02D3,0008,06,0000,00
0121,0008,04ED,0323,0582,0258,0600,00,1,1,0,F400,A800,02,044D,02D3,0008,06,0000,00
0122,0008,04F3,0326,059A,0290,0600,00,1,1,0,8E00,0000,02,0453,02D3,0008,06,0000,00
0123,0008,04F9,0328,05B2,02C8,0600,00,1,1,0,4000,9000,02,0459,02D3,0008,06,0000,00
0124,0008,04FF,032B,05CA,0300,0600,00,1,1,0,0A00,5800,02,045F,02D3,0008,06,0000,00
0125,0008,0504,032E,05E2,0338,0600,00,1,1,0,EC00,5800,02,0464,02D3,0008,06,0000,00
0126,0008,050A,0331,05FA,0370,0600,00,1,1,0,E600,9000,02,046A,02D3,0008,06,0000,00
0127,0008,0510,0335,0600,03A8,0600,00,1,1,0,E600,0000,02,0470,02D3,0008,06,0000,00
0128,0008,0516,0338,0600,03E0,0600,00,1,1,0,E600,A800,02,0476,02D3,0008,06,0000,00
0129,0008,051C,033C,0600,0418,0600,00,1,1,0,E600,8800,02,047C,02D3,0008,06,0000,00
012A,0008,0522,0340,0600,0450,0600,00,1,1,0,E600,A000,02,0482,02D3,0008,06,0000,00
012B,0008,0528,0344,0600,0488,0600,00,1,1,0,E600,F000,02,0488,02D3,0008,06,0000,00
012C,0008,052E,0349,0600,04C0,0600,00,1,1,0,E600,7800,02,048E,02D3,0008,06,0000,00
012D,0008,0534,034E,0600,04F8,0600,00,1,1,0,E600,3800,02,0494,02D3,0008,06,0000,00
012E,0008,053A,0353,0600,0530,0600,00,1,1,0,E600,3000,02,049A,02D3,0008,06,0000,00
012F,0008,0540,0358,0600,0568,0600,00,1,1,0,E600,6000,02,04A0,02D3,0008,06,0000,00
0130,0008,0546,035D,0600,05A0,0600,00,1,1,0,E600,C800,02,04A6,02D8,0008,06,0000,00
0131,0008,054C,0363,0600,05D8,0600,00,1,1,0,E600,6800,02,04AC,02DE,0008,06,0000,00
0132,0008,0552,0369,0600,0610,0600,00,1,1,0,E600,4000,02,04B2,02E4,0008,06,0000,00
0133,0008,0558,036F,0600,0648,0600,00,1,1,0,E600,5000,02,04B8,02EA,0008,06,0000,00
0134,0008,055E,036F,0600,0000,0600,FC,0,0,0,E600,9800,02,04BE,02F0,0008,00,0000,00
0135,0008,0564,036E,05F4,FF6A,0600,FC,0,0,0,DA00,0200,02,04C4,02F6,0008,00,0000,00
0136,0008,056A,036C,05F4,FF6A,0600,00,0,0,0,CE00,6C00,02,04CA,02FC,0008,00,0000,00
0137,0008,0570,036C,0600,0000,0600,00,0,0,0,CE00,6C00,02,04D0,0300,0008,00,0000,00
0138,0008,0576,036C,0600,0000,0600,00,0,0,0,CE00,6C00,02,04D6,0300,0008,00,0000,00
0139,0008,057C,036C,0600,0000,0600,00,0,0,0,CE00,6C00,02,04DC,0300,0008,00,0000,00
013A,0008,0582,036C,0600,0000,0600,00,0,0,0,CE00,6C00,02,04E2,0300,0008,00,0000,00
013B,0008,0588,036C,0600,0000,0600,00,0,0,0,CE00,6C00,02,04E8,0300,0008,00,0000,00
013C,0008,058E,036C,0600,0000,0600,00,0,0,0,CE00,6C00,02,04EE,0300,0008,00,0000,00
013D,0008,0594,036C,0600,0000,0600,00,0,0,0,CE00,6C00,02,04F4,0300,0008,00,0000,00
013E,0008,059A,036E,0600,0000,0600,04,0,0,0,CE00,6C00,02,04FA,0300,0008,00,0000,00
013F,0008,05A0,036E,05F4,0096,0600,04,0,0,0,C200,0200,02,0500,0300,0008,00,0000,00
0140,0008,05A6,036F,05F4,0096,0600,04,0,0,0,B600,9800,02,0506,0300,0008,00,0000,00
0141,0008,05AC,0370,05F4,0096,0600,04,0,0,0,AA00,2E00,02,050C,0300,0008,00,0000,00
0142,0008,05B2,0371,05F4,0096,0600,04,0,0,0,9E00,C400,02,0512,0300,0008,00,0000,00
0143,0008,05B8,0371,05F4,0096,0600,04,0,0,0,9200,5A00,02,0518,0300,0008,00,0000,00
0144,0008,05BE,0372,05F4,0096,0600,04,0,0,0,8600,F000,02,051E,0300,0008,00,0000,00
0145,0008,05C4,0373,05F4,0096,0600,04,0,0,0,7A00,8600,02,0524,0300,0008,00,0000,00
0146,0008,05CA,0372,05F4,0096,0600,04,0,0,0,6E00,1C00,02,052A,0300,0008,00,0000,00
0147,0008,05D0,0372,05F4,0096,0600,04,0,0,0,6200,B200,02,0530,0300,0008,00,0000,00
0148,0008,05D6,0372,05F4,0096,0600,FC,0,0,0,5600,4800,02,0536,0300,0008,00,0000,00
0149,0008,05DC,0371,05F4,FF6A,0600,FC,0,0,0,4A00,B200,02,053C,0300,0008,00,0000,00
014A,0008,05E2,0370,05F4,FF6A,0600,FC,0,0,0,3E00,1C00,02,0542,0300,0008,00,0000,00
014B,0008,05E8,036C,05F4,FF6A,0600,00,0,0,0,3200,8600,02,0548,0300,0008,00,0000,00
014C,0008,05EE,036C,0600,0000,0600,00,0,0,0,3200,8600,02,054E,0300,0008,00,0000,00
014D,0008,05F4,036C,0600,0000,0600,00,0,0,0,3200,8600,02,0554,0300,0008,00,0000,00
014E,0008,05FA,036C,0600,0000,0600,00,0,0,0,3200,8600,02,055A,0300,0008,00,0000,00
014F,0008,0600,036C,0600,0000,0600,00,0,0,0,3200,8600,02,0560,0300,0008,00,0000,00
0150,0008,0606,036C,0600,0000,0600,00,0,0,0,3200,8600,02,0566,0300,0008,00,0000,00
0151,0008,060C,036B,0600,0000,0600,FC,0,0,0,3200,8600,02,056C,0300,0008,00,0000,00
0152,0008,0612,036A,05F4,FF6A,0600,FC,0,0,0,2600,F000,02,0572,0300,0008,00,0000,00
0153,0008,0618,036C,05F4,FF6A,0600,00,0,0,0,1A00,5A00,02,0578,0300,0008,00,0000,00
0154,0008,061E,036B,0600,0000,0600,FC,0,0,0,1A00,5A00,02,057E,0300,0008,00,0000,00
0155,0008,0624,036A,05F4,FF6A,0600,FC,0,0,0,0E00,C400,02,0584,0300,0008,00,0000,00
0156,0008,062A,036C,05F4,FF6A,0600,00,0,0,0,0200,2E00,02,058A,0300,0008,00,0000,00
0157,0008,0630,036C,0600,0000,0600,00,0,0,0,0200,2E00,02,0590,0300,0008,00,0000,00
0158,0008,0636,036C,0600,0000,0600,00,0,0,0,0200,2E00,02,0596,0300,0008,00,0000,00
0159,0008,063C,036C,0600,0000,0600,08,0,0,0,0200,2E00,02,059C,0300,0008,00,0000,00
015A,0008,0641,036E,05E2,0126,0600,08,0,0,0,E400,5400,02,05A1,0300,0008,00,0000,00
015B,0008,0647,036F,05E2,0126,0600,08,0,0,0,C600,7A00,02,05A7,0300,0008,00,0000,00
015C,0008,064D,0371,05E2,0126,0600,08,0,0,0,A800,A000,02,05AD,0300,0008,00,0000,00
015D,0008,0653,0372,05E2,0126,0600,08,0,0,0,8A00,C600,02,05B3,0300,0008,00,0000,00
015E,0008,0659,0374,05E2,0126,0600,08,0,0,0,6C00,EC00,02,05B9,0300,0008,00,0000,00
015F,0008,065F,0375,05E2,0126,0600,08,0,0,0,4E00,1200,02,05BF,0300,0008,00,0000,00
0160,0008,0665,0377,05E2,0126,0600,08,0,0,0,3000,3800,02,05C5,0300,0008,00,0000,00
0161,0008,066B,0378,05E2,0126,0600,08,0,0,0,1200,5E00,02,05CB,0300,0008,00,0000,00
0162,0008,0670,0379,05E2,0126,0600,08,0,0,0,F400,8400,02,05D0,0300,0008,00,0000,00
0163,0008,0676,037B,05E2,0126,0600,08,0,0,0,D600,AA00,02,05D6,0300,0009,00,0000,00
0164,0008,067C,037D,05E2,0126,0600,10,0,0,0,B800,D000,02,05DC,0300,0009,00,0000,00
0165,0008,0682,0380,0588,0246,0600,10,0,0,0,4000,1600,02,05E2,0300,0009,00,0000,00
0166,0008,0687,0383,0588,0246,0600,10,0,0,0,C800,5C00,02,05E7,0300,0009,00,0000,00
0167,0008,068D,0386,0588,0246,0600,10,0,0,0,5000,A200,02,05ED,0300,0009,00,0000,00
0168,0008,0692,0388,0588,0246,0600,10,0,0,0,D800,E800,02,05F2,0300,000A,00,0000,00
0169,0008,0698,038B,0588,0246,0600,10,0,0,0,6000,2E00,02,05F8,0300,000A,00,0000,00
016A,0008,069D,038E,0588,0246,0600,10,0,0,0,E800,7400,02,05FD,0300,000A,00,0000,00
016B,0008,06A3,0391,0588,0246,0600,10,0,0,0,7000,BA00,02,0603,0300,000A,00,0000,00
016C,0008,06A8,0393,0588,0246,0600,10,0,0,0,F800,0000,02,0608,0300,000A,00,0000,00
016D,0008,06AE,0396,0588,0246,0600,10,0,0,0,8000,4600,02,060E,0300,000A,00,0000,00
016E,0008,06B4,0399,0588,0246,0600,10,0,0,0,0800,8C00,02,0614,0300,000B,00,0000,00
016F,0008,06B9,039C,0588,0246,0600,08,0,0,0,9000,D200,02,0619,0300,000B,00,0000,00
0170,0008,06BF,039D,05E2,0126,0600,08,0,0,0,7200,F800,02,061F,0300,000B,00,0000,00
0171,0008,06C5,039F,05E2,0126,0600,08,0,0,0,5400,1E00,02,0625,0300,000B,00,0000,00
0172,0008,06CB,03A0,05E2,0126,0600,08,0,0,0,3600,4400,02,062B,0300,000B,00,0000,00
0173,0008,06D1,03A2,05E2,0126,0600,08,0,0,0,1800,6A00,02,0631,0300,000B,00,0000,00
0174,0008,06D6,03A3,05E2,0126,0600,08,0,0,0,FA00,9000,02,0636,0300,000C,00,0000,00
0175,0008,06DC,03A4,05E2,0126,0600,08,0,0,0,DC00,B600,02,063C,0300,000C,00,0000,00
0176,0008,06E2,03A6,05E2,0126,0600,08,0,0,0,BE00,DC00,02,0642,0300,000C,00,0000,00
0177,0008,06E8,03A7,05E2,0126,0600,08,0,0,0,A000,0200,02,0648,0300,000C,00,0000,00
0178,0008,06EE,03A9,05E2,0126,0600,08,0,0,0,8200,2800,02,064E,0300,000C,00,0000,00
0179,0008,06F4,03AA,05E2,0126,0600,08,0,0,0,6400,4E00,02,0654,0300,000C,00,0000,00
017A,0008,06FA,03AC,05E2,0126,0600,00,0,0,0,4600,7400,02,065A,0300,000C,00,0000,00
017B,0008,0700,03AC,0600,0000,0600,00,0,0,0,4600,7400,02,0660,0300,000D,00,0000,00
017C,0008,0706,03AC,0600,0000,0600,00,0,0,0,4600,7400,02,0666,0300,000D,00,0000,00
017D,0008,070C,03AC,0600,0000,0600,00,0,0,0,4600,7400,02,066C,0300,000D,00,0000,00
017E,0008,0712,03AC,0600,0000,0600,00,0,0,0,4600,7400,02,0672,0300,000D,00,0000,00
017F,0008,0718,03AB,0600,0000,0600,FC,0,0,0,4600,7400,02,0678,0300,000D,00,0000,00
0180,0008,071E,03AB,05F4,FF6A,0600,FC,0,0,0,3A00,DE00,02,067E,0300,000D,00,0000,00
0181,0008,0724,03AA,05F4,FF6A,0600,FC,0,0,0,2E00,4800,02,0684,0300,000D,00,0000,00
0182,0008,072A,03A9,05F4,FF6A,0600,F4,0,0,0,2200,B200,02,068A,0300,000E,00,0000,00
0183,0008,072F,03A7,05B8,FE44,0600,F4,0,0,0,DA00,F600,02,068F,0300,000E,00,0000,00
0184,0008,0735,03A5,05B8,FE44,0600,F4,0,0,0,9200,3A00,02,0695,0300,000E,00,0000,00
0185,0008,073B,03A2,05B8,FE44,0600,EC,0,0,0,4A00,7E00,02,069B,0300,000E,00,0000,00
0186,0008,0740,03A0,0543,FD31,05FD,EC,0,0,0,8D00,AF00,02,06A0,0300,000E,00,0000,00
0187,0008,0745,039C,0540,FD32,05FA,EC,0,0,0,CD00,E100,02,06A5,0300,000E,00,0000,00
0188,0008,074B,0398,053E,FD34,05F7,E0,0,0,0,0B00,1500,02,06AB,0300,000E,00,0000,00
0189,0018,074B,039D,00A5,F89B,05F7,E0,1,1,0,0B00,1500,02,06AB,0300,000E,06,0000,00
018A,0018,074B,0395,00BD,F8D3,05F7,E2,1,1,0,C800,B000,02,06AB,0300,000E,06,0000,00
018B,0018,074C,038E,00D5,F90B,05F7,E4,1,1,0,9D00,8300,02,06AC,0300,000E,06,0000,00
018C,0018,074D,0387,00ED,F943,05F7,E6,1,1,0,8A00,8E00,02,06AD,0300,000F,06,0000,00
018D,0018,074E,0380,0105,F97B,05F7,E8,1,1,0,8F00,D100,02,06AE,0300,000F,06,0000,00
018E,0018,074F,037A,011D,F9B3,05F7,EA,1,1,0,AC00,4C00,02,06AF,0300,000F,06,0000,00
018F,0018,0750,0373,0135,F9EB,05F7,EC,1,1,0,E100,FF00,02,06B0,0300,000F,06,0000,00
0190,0018,0752,036D,014D,FA23,05F7,EE,1,1,0,2E00,EA00,02,06B2,0300,000F,06,0000,00
0191,0018,0753,0368,0165,FA5B,05F7,F0,1,1,0,9300,0D00,02,06B3,0300,000F,06,0000,00
0192,0018,0755,0362,017D,FA93,05F7,F2,1,1,0,1000,6800,02,06B5,0300,000F,06,0000,00
0193,0018,0756,035C,0195,FACB,05F7,F4,1,1,0,A500,FB00,02,06B6,0300,000F,06,0000,00
0194,0018,0758,0357,01AD,FB03,05F7,F6,1,1,0,5200,C600,02,06B8,0300,000F,06,0000,00
0195,0018,075A,0352,01C5,FB3B,05F7,F8,1,1,0,1700,C900,02,06BA,0300,000F,06,0000,00
0196,0018,075B,034E,01DD,FB73,05F7,FA,1,1,0,F400,0400,02,06BB,0300,000F,06,0000,00
0197,0018,075D,0349,01F5,FBAB,05F7,FC,1,1,0,E900,7700,02,06BD,0300,000F,06,0000,00
0198,0018,075F,0345,020D,FBE3,05F7,FE,1,1,0,F600,2200,02,06BF,0300,000F,06,0000,00
0199,0018,0762,0341,0225,FC1B,05F7,00,1,1,0,1B00,0500,02,06C2,02FC,000F,06,0000,00
019A,0008,0764,033D,022C,FC53,05F7,00,1,1,0,4700,2000,02,06C4,02F8,000F,06,0000,00
019B,0008,0766,0339,0232,FC8B,05F7,00,1,1,0,7900,7300,02,06C6,02F4,000F,06,0000,00
019C,0008,0768,0335,0238,FCC3,05F7,00,1,1,0,B100,FE00,02,06C8,02F0,000F,06,0000,00
019D,0008,076A,0332,023E,FCFB,05F7,00,1,1,0,EF00,C100,02,06CA,02ED,000F,06,0000,00
019E,0008,076D,032F,0244,FD33,05F7,00,1,1,0,3300,BC00,02,06CD,02EA,000F,06,0000,00
019F,0008,076F,032C,024A,FD6B,05F7,00,1,1,0,7D00,EF00,02,06CF,02E7,000F,06,0000,00
01A0,0008,0771,032A,024F,FDA3,05F7,00,1,1,0,CC00,5A00,02,06D1,02E5,000F,06,0000,00
01A1,0008,0774,0327,0254,FDDB,05F7,00,1,1,0,2000,FD00,02,06D4,02E2,000F,06,0000,00
01A2,0008,0776,0325,0259,FE13,05F7,00,1,1,0,7900,D800,02,06D6,02E0,000F,06,0000,00
01A3,0008,0778,0323,025E,FE4B,05F7,00,1,1,0,D700,EB00,02,06D8,02DE,000F,06,0000,00
01A4,0008,077B,0322,0263,FE83,05F7,00,1,1,0,3A00,3600,02,06DB,02DD,000F,06,0000,00
01A5,0008,077D,0320,0268,FEBB,05F7,00,1,1,0,A200,B900,02,06DD,02DB,000F,06,0000,00
01A6,0008,0780,031F,026C,FEF3,05F7,00,1,1,0,0E00,7400,02,06E0,02DA,000F,06,0000,00
01A7,0008,0782,031E,0270,FF2B,05F7,00,1,1,0,7E00,6700,02,06E2,02D9,000F,06,0000,00
01A8,0008,0784,031D,0274,FF63,05F7,00,1,1,0,F200,9200,02,06E4,02D8,000F,06,0000,00
01A9,0008,0787,031C,0278,FF9B,05F7,00,1,1,0,6A00,F500,02,06E7,02D7,000F,06,0000,00
01AA,0008,0789,031C,027C,FFD3,05F7,00,1,1,0,E600,9000,02,06E9,02D7,000F,06,0000,00
01AB,0008,078C,031C,0280,000B,05F7,00,1,1,0,6600,6300,02,06EC,02D7,000F,06,0000,00
01AC,0008,078E,031C,0298,0043,05F7,00,1,1,0,FE00,6E00,02,06EE,02D7,000F,06,0000,00
01AD,0008,0791,031C,02B0,007B,05F7,00,1,1,0,AE00,B100,02,06F1,02D7,000F,06,0000,00
01AE,0008,0794,031D,02C8,00B3,05F7,00,1,1,0,7600,2C00,02,06F4,02D7,000F,06,0000,00
01AF,0008,0797,031D,02E0,00EB,05F7,00,1,1,0,5600,DF00,02,06F7,02D7,000F,06,0000,00
01B0,0008,079A,031E,02F8,0123,05F7,00,1,1,0,4E00,CA00,02,06FA,02D7,000F,06,0000,00
01B1,0008,079D,031F,0310,015B,05F7,00,1,1,0,5E00,ED00,02,06FD,02D7,000F,06,0000,00
01B2,0008,07A0,0321,0328,0193,05F7,00,1,1,0,8600,4800,02,0700,02D7,000F,06,0000,00
01B3,0008,07A3,0322,0340,01CB,05F7,00,1,1,0,C600,DB00,02,0703,02D7,000F,06,0000,00
01B4,0008,07A7,0324,0358,0203,05F7,00,1,1,0,1E00,A600,02,0707,02D7,000F,06,0000,00
01B5,0008,07AA,0326,0370,023B,05F7,00,1,1,0,8E00,A900,02,070A,02D7,000F,06,0000,00
01B6,0008,07AE,0328,0388,0273,05F7,00,1,1,0,1600,E400,02,070E,02D7,000F,06,0000,00
01B7,0008,07B1,032B,03A0,02AB,05F7,00,1,1,0,B600,5700,02,0711,02D7,000F,06,0000,00
01B8,0008,07B5,032E,03B8,02E3,05F7,00,1,1,0,6E00,0200,02,0715,02D7,000F,06,0000,00
01B9,0008,07B9,0330,03D0,031B,05F7,00,1,1,0,3E00,E500,02,0719,02D7,000F,06,0000,00
01BA,0008,07BD,0334,03E8,0353,05F7,00,1,1,0,2600,0000,02,071D,02D7,000F,06,0000,00
01BB,0008,07C1,0337,0400,038B,05F7,00,1,1,0,2600,5300,02,0721,02D7,000F,06,0000,00
01BC,0008,07C5,033A,0418,03C3,05F7,00,1,1,0,3E00,DE00,02,0725,02D7,000F,06,0000,00
01BD,0008,07C9,033E,0430,03FB,05F7,00,1,1,0,6E00,A100,02,0729,02D7,000F,06,0000,00
01BE,0008,07CD,0342,0448,0433,05F7,00,1,1,0,B600,9C00,02,072D,02D7,000F,06,0000,00
01BF,0008,07D2,0346,0460,046B,05F7,00,1,1,0,1600,CF00,02,0732,02D7,000F,06,0000,00
01C0,0008,07D6,034B,0478,04A3,05F7,00,1,1,0,8E00,3A00,02,0736,02D7,000F,06,0000,00
01C1,0008,07DB,034F,0490,04DB,05F7,00,1,1,0,1E00,DD00,02,073B,02D7,000F,06,0000,00
01C2,0008,07DF,0354,04A8,0513,05F7,00,1,1,0,C600,B800,02,073F,02D7,000F,06,0000,00
01C3,0008,07E4,0359,04C0,054B,05F7,00,1,1,0,8600,CB00,02,0744,02D7,000F,06,0000,00
01C4,0008,07E9,035F,04D8,0583,05F7,00,1,1,0,5E00,1600,02,0749,02DA,000F,06,0000,00
01C5,0008,07EE,0364,04F0,05BB,05F7,00,1,1,0,4E00,9900,02,074E,02DF,000F,06,0000,00
01C6,0008,07F3,036A,0508,05F3,05F7,00,1,1,0,5600,5400,02,0753,02E5,000F,06,0000,00
01C7,0008,07F8,0370,0520,062B,05F7,00,1,1,0,7600,4700,02,0758,02EB,000F,06,0000,00
01C8,0008,07FD,036C,0538,0000,0538,00,0,0,0,AE00,7200,02,075D,02F1,000F,00,0000,00
01C9,0008,0802,036C,0544,0000,0544,00,0,0,0,F200,7200,02,0762,02F7,000F,00,0000,00
01CA,0008,0808,036C,0550,0000,0550,00,0,0,0,4200,7200,02,0768,02FD,000F,00,0000,00
01CB,0008,080D,036C,055C,0000,055C,00,0,0,0,9E00,7200,02,076D,0300,000F,00,0000,00
01CC,0008,0813,036C,0568,0000,0568,00,0,0,0,0600,7200,02,0773,0300,000F,00,0000,00
01CD,0008,0818,036C,0574,0000,0574,00,0,0,0,7A00,7200,02,0778,0300,000F,00,0000,00
01CE,0008,081D,036E,0580,0000,0580,04,0,0,0,FA00,7200,02,077D,0300,000F,00,0000,00
01CF,0008,0823,036F,0583,008A,058F,04,0,0,0,7D00,FC00,02,0783,0300,000F,00,0000,00
01D0,0008,0829,036E,0592,008C,059E,04,0,0,0,0F00,8800,02,0789,0300,000F,00,0000,00
01D1,0008,082E,036E,05A1,008D,05AD,04,0,0,0,B000,1500,02,078E,0300,000F,00,0000,00
01D2,0008,0834,036E,05B0,008F,05BC,FC,0,0,0,6000,A400,02,0794,0300,000F,00,0000,00
01D3,0008,083A,036C,05B8,FF6F,05C4,00,0,0,0,1800,1300,02,079A,0300,000F,00,0000,00
01D4,0008,083F,036C,05D0,0000,05D0,00,0,0,0,E800,1300,02,079F,0300,000F,00,0000,00
01D5,0008,0845,036C,05DC,0000,05DC,00,0,0,0,C400,1300,02,07A5,0300,000F,00,0000,00
01D6,0008,084B,036C,05E8,0000,05E8,00,0,0,0,AC00,1300,02,07AB,0300,000F,00,0000,00
01D7,0008,0851,036C,05F4,0000,05F4,00,0,0,0,A000,1300,02,07B1,0300,000F,00,0000,00
01D8,0008,0857,036C,0600,0000,0600,00,0,0,0,A000,1300,02,07B7,0300,000F,00,0000,00
01D9,0008,085D,036C,0600,0000,0600,00,0,0,0,A000,1300,02,07BD,0300,000F,00,0000,00
01DA,0008,0863,036C,0600,0000,0600,00,0,0,0,A000,1300,02,07C3,0300,000F,00,0000,00
01DB,0008,0869,036C,0600,0000,0600,00,0,0,0,A000,1300,02,07C9,0300,000F,00,0000,00
01DC,0008,086F,036C,0600,0000,0600,00,0,0,0,A000,1300,02,07CF,0300,000F,00,0000,00
01DD,0008,0875,036C,0600,0000,0600,00,0,0,0,A000,1300,02,07D5,0300,000F,00,0000,00
01DE,0018,0875,0371,0600,F980,0600,00,1,1,0,A000,1300,02,07D5,0300,000F,06,0000,00
01DF,0018,0875,036A,0000,F9B8,0600,00,1,1,0,A000,9300,02,07D5,0300,000F,06,0000,00
01E0,0018,0875,0364,0018,F9F0,0600,00,1,1,0,B800,4B00,02,07D5,0300,000F,06,0000,00
01E1,0018,0875,035E,0030,FA28,0600,00,1,1,0,E800,3B00,02,07D5,0300,000F,06,0000,00
01E2,0018,0876,0358,0048,FA60,0600,00,1,1,0,3000,6300,02,07D6,0300,000F,06,0000,00
01E3,0018,0876,0352,0060,FA98,0600,00,1,1,0,9000,C300,02,07D6,0300,000F,06,0000,00
01E4,0018,0877,034D,0078,FBD0,0600,00,1,1,0,0800,5B00,02,07D7,0300,000F,06,0000,00
01E5,0018,0877,0349,0090,FC08,0600,00,1,1,0,9800,2B00,02,07D7,0300,000F,06,0000,00
01E6,0018,0878,0345,00A3,FC40,0600,00,1,1,0,3B00,3300,02,07D8,0300,000F,06,0000,00
01E7,0018,0878,0341,00B6,FC78,0600,00,1,1,0,F100,7300,02,07D8,02FC,000F,06,0000,00
01E8,0018,0879,033D,00C8,FCB0,0600,00,1,1,0,B900,EB00,02,07D9,02F8,000F,06,0000,00
01E9,0018,087A,033A,00D9,FCE8,0600,00,1,1,0,9200,9B00,02,07DA,02F5,000F,06,0000,00
01EA,0018,087B,0337,00EA,FD20,0600,00,1,1,0,7C00,8300,02,07DB,02F2,000F,06,0000,00
01EB,0018,087C,0334,00FA,FD58,0600,00,1,1,0,7600,A300,02,07DC,02EF,000F,06,0000,00
01EC,0018,087D,0331,010A,FD90,0600,00,1,1,0,8000,FB00,02,07DD,02EC,000F,06,0000,00
01ED,0018,087E,032F,0119,FDC8,0600,00,1,1,0,9900,8B00,02,07DE,02EA,000F,06,0000,00
01EE,0018,087F,032D,0128,FE00,0600,00,1,1,0,C100,5300,02,07DF,02E8,000F,06,0000,00
01EF,0018,0880,032B,0136,FE38,0600,00,1,1,0,F700,5300,02,07E0,02E6,000F,06,0000,00
01F0,0018,0882,0329,0144,FE70,0600,00,1,1,0,3B00,8B00,02,07E2,02E4,000F,06,0000,00
01F1,0018,0883,0327,0152,FEA8,0600,00,1,1,0,8D00,FB00,02,07E3,02E2,000F,06,0000,00
01F2,0018,0884,0326,015F,FEE0,0600,00,1,1,0,EC00,A300,02,07E4,02E1,000F,06,0000,00
01F3,0018,0886,0325,016C,FF18,0600,00,1,1,0,5800,8300,02,07E6,02E0,000F,06,0000,00
01F4,0018,0887,0324,0178,FF50,0600,00,1,1,0,D000,9B00,02,07E7,02DF,000F,06,0000,00
01F5,0008,0889,0323,0184,FF88,0600,00,1,1,0,5400,EB00,02,07E9,02DE,000F,06,0000,00
01F6,0008,088A,0323,0190,FFC0,0600,00,1,1,0,E400,7300,02,07EA,02DE,000F,06,0000,00
01F7,0008,088C,0323,019B,FFF8,0600,00,1,1,0,7F00,3300,02,07EC,02DE,000F,06,0000,00
01F8,0008,088E,0323,01A6,0030,0600,00,1,1,0,2500,2B00,02,07EE,02DE,000F,06,0000,00
01F9,0008,088F,0323,01BE,0068,0600,00,1,1,0,E300,5B00,02,07EF,02DE,000F,06,0000,00
01FA,0008,0891,0323,01D6,00A0,0600,00,1,1,0,B900,C300,02,07F1,02DE,000F,06,0000,00
01FB,0008,0893,0324,01EE,00D8,0600,00,1,1,0,A700,6300,02,07F3,02DE,000F,06,0000,00
01FC,0008,0895,0325,0206,0110,0600,00,1,1,0,AD00,3B00,02,07F5,02DE,000F,06,0000,00
01FD,0008,0897,0326,021E,0148,0600,00,1,1,0,CB00,4B00,02,07F7,02DE,000F,06,0000,00
01FE,0008,089A,0327,0236,0180,0600,00,1,1,0,0100,9300,02,07FA,02DE,000F,06,0000,00
01FF,0008,089C,0329,024E,01B8,0600,00,1,1,0,4F00,1300,02,07FC,02DE,000F,06,0000,00
0200,0008,089E,032A,0266,01F0,0600,00,1,1,0,B500,CB00,02,07FE,02DE,000F,06,0000,00
0201,0008,08A1,032C,027E,0228,0600,00,1,1,0,3300,BB00,02,0801,02DE,000F,06,0000,00
0202,0008,08A3,032E,0296,0260,0600,00,1,1,0,C900,E300,02,0803,02DE,000F,06,0000,00
0203,0008,08A6,0331,02AE,0298,0600,00,1,1,0,7700,4300,02,0806,02DE,000F,06,0000,00
0204,0008,08A9,0333,02C6,02D0,0600,00,1,1,0,3D00,DB00,02,0809,02DE,000F,06,0000,00
0205,0008,08AC,0336,02DE,0308,0600,00,1,1,0,1B00,AB00,02,080C,02DE,000F,06,0000,00
0206,0008,08AF,0339,02F6,0340,0600,00,1,1,0,1100,B300,02,080F,02DE,000F,06,0000,00
0207,0008,08B2,033C,030E,0378,0600,00,1,1,0,1F00,F300,02,0812,02DE,000F,06,0000,00
0208,0008,08B5,0340,0326,03B0,0600,00,1,1,0,4500,6B00,02,0815,02DE,000F,06,0000,00
0209,0018,08B5,0344,0000,03E8,0600,00,1,1,0,8300,1B00,02,0815,02DE,000F,06,0000,00
020A,0018,08B5,0348,0018,0420,0600,00,1,1,0,9B00,0300,02,0815,02DE,000F,06,0000,00
020B,0018,08B5,034C,0030,0458,0600,00,1,1,0,CB00,2300,02,0815,02DE,000F,06,0000,00
020C,0018,08B5,0350,0000,0490,0600,00,1,1,0,1300,7B00,02,0815,02DE,000F,06,0000,00
020D,0018,08B5,034C,0018,0000,0018,00,0,0,0,2B00,0B00,02,0815,02E4,000F,00,0000,00
020E,0018,08B5,0351,0018,F980,0018,00,1,1,0,2B00,0B00,02,0815,02E4,000F,06,0000,00
020F,0018,08B5,034A,0030,F9B8,0018,00,1,1,0,5B00,8B00,02,0815,02E4,000F,06,0000,00
0210,0018,08B5,0344,0048,F9F0,0018,00,1,1,0,A300,4300,02,0815,02E4,000F,06,0000,00
0211,0018,08B6,033E,0060,FA28,0018,00,1,1,0,0300,3300,02,0816,02E4,000F,06,0000,00
0212,0018,08B6,0338,0078,FA60,0018,00,1,1,0,7B00,5B00,02,0816,02E4,000F,06,0000,00
0213,0018,08B7,0332,0090,FA98,0018,00,1,1,0,0B00,BB00,02,0817,02E4,000F,06,0000,00
0214,0018,08B7,032D,00A8,FAD0,0018,00,1,1,0,B300,5300,02,0817,02E4,000F,06,0000,00
0215,0018,08B8,0328,00C0,FB08,0018,00,1,1,0,7300,2300,02,0818,02E3,000F,06,0000,00
0216,0018,08B9,0323,00D8,FB40,0018,00,1,1,0,4B00,2B00,02,0819,02DE,000F,06,0000,00
